239,L552
239,T203
239,T207
239,T213
239,T2130
239,T2131
239,T2132
239,T2133
239,T2134
239,T2135
239,T2139
239,T217
239,T2170
239,T2171
239,T2172
239,T2173
239,T2174
239,T2175
239,T2179
239,T223
239,T2230
239,T2231
239,T2232
239,T2233
239,T227
239,T2270
239,T2271
239,T2272
239,T2273
239,T233
239,T237
239,T243
239,T247
239,T253
239,T257
239,T293
239,T297
239,T303
239,T307
239,T311
239,T3110
239,T3111
239,T312
239,T3120
239,T3121
239,T3122
239,T313
239,T3130
239,T3131
239,T3132
239,T3133
239,T314
239,T3140
239,T3141
239,T3142
239,T3143
239,T3144
239,T315
239,T3150
239,T3151
239,T3152
239,T3153
239,T3154
239,T3155
239,T316
239,T3160
239,T3161
239,T3162
239,T3163
239,T3164
239,T3165
239,T3166
239,T317
239,T3170
239,T3171
239,T3172
239,T3173
239,T3174
239,T3175
239,T3176
239,T3177
239,T318
239,T3180
239,T3181
239,T3182
239,T3183
239,T3184
239,T3185
239,T3186
239,T3187
239,T3188
239,T319
239,T3190
239,T3191
239,T3192
239,T3193
239,T3194
239,T3195
239,T3196
239,T3197
239,T3198
239,T3199
239,T321
239,T3210
239,T3211
239,T322
239,T3220
239,T3221
239,T3222
239,T323
239,T3230
239,T3231
239,T3232
239,T3233
239,T324
239,T3240
239,T3241
239,T3242
239,T3243
239,T3244
239,T325
239,T3250
239,T3251
239,T3252
239,T3253
239,T3254
239,T3255
239,T326
239,T3260
239,T3261
239,T3262
239,T3263
239,T3264
239,T3265
239,T3266
239,T327
239,T3270
239,T3271
239,T3272
239,T3273
239,T3274
239,T3275
239,T3276
239,T3277
239,T328
239,T3280
239,T3281
239,T3282
239,T3283
239,T3284
239,T3285
239,T3286
239,T3287
239,T3288
239,T329
239,T3290
239,T3291
239,T3292
239,T3293
239,T3294
239,T3295
239,T3296
239,T3297
239,T3298
239,T3299
